source,text,timestamp,url,source_name,id
blog,Malware infection hits energy companies in New York,2025-03-29 01:10:24,https://news.cyberdaily.com/article/1,The Hacker News,1
blog,Credential stuffing hits energy companies in Mumbai,2025-03-30 18:19:54,https://news.cyberdaily.com/article/2,SecurityWeek,2
news,Phishing campaign hits telecom companies in Mumbai,2025-03-12 07:29:52,https://news.cyberdaily.com/article/3,CyberWire,3
news,Insider threat hits telecom companies in Mumbai,2025-03-22 21:59:24,https://news.cyberdaily.com/article/4,SC Magazine,4
report,Ransomware attack hits universities in Singapore,2025-04-04 04:00:30,https://news.cyberdaily.com/article/5,CyberWire,5
report,Zero-day exploit hits energy companies in Toronto,2025-04-02 22:28:37,https://news.cyberdaily.com/article/6,SC Magazine,6
report,Phishing campaign hits cybersecurity firms in Singapore,2025-03-30 00:06:45,https://news.cyberdaily.com/article/7,SecurityWeek,7
report,Data breach hits financial institutions in London,2025-03-25 01:42:54,https://news.cyberdaily.com/article/8,DarkReading,8
news,Data breach hits cybersecurity firms in Toronto,2025-04-02 11:36:21,https://news.cyberdaily.com/article/9,SC Magazine,9
report,Zero-day exploit hits healthcare providers in Tokyo,2025-03-27 17:29:16,https://news.cyberdaily.com/article/10,ThreatPost,10
news,Phishing campaign hits telecom companies in Singapore,2025-04-07 16:01:10,https://news.cyberdaily.com/article/11,CyberWire,11
blog,Zero-day exploit hits cybersecurity firms in London,2025-03-20 22:50:04,https://news.cyberdaily.com/article/12,The Hacker News,12
report,Insider threat hits healthcare providers in Toronto,2025-04-03 20:19:59,https://news.cyberdaily.com/article/13,ThreatPost,13
report,Insider threat hits cybersecurity firms in London,2025-03-17 02:35:45,https://news.cyberdaily.com/article/14,DarkReading,14
news,Zero-day exploit hits government agencies in Mumbai,2025-03-24 00:41:42,https://news.cyberdaily.com/article/15,ThreatPost,15
blog,DDoS attack hits financial institutions in Mumbai,2025-03-17 03:08:45,https://news.cyberdaily.com/article/16,CyberWire,16
news,Ransomware attack hits telecom companies in Berlin,2025-03-14 22:48:58,https://news.cyberdaily.com/article/17,CyberWire,17
news,Malware infection hits e-commerce platforms in Tokyo,2025-03-22 12:11:28,https://news.cyberdaily.com/article/18,SC Magazine,18
blog,Malware infection hits e-commerce platforms in Singapore,2025-04-05 04:48:42,https://news.cyberdaily.com/article/19,SC Magazine,19
report,Zero-day exploit hits healthcare providers in Toronto,2025-04-08 13:35:49,https://news.cyberdaily.com/article/20,CyberWire,20
news,Credential stuffing hits universities in Tokyo,2025-03-17 11:33:09,https://news.cyberdaily.com/article/21,CyberWire,21
blog,Insider threat hits healthcare providers in Tokyo,2025-03-25 09:40:42,https://news.cyberdaily.com/article/22,ThreatPost,22
news,Zero-day exploit hits energy companies in New York,2025-03-15 03:23:52,https://news.cyberdaily.com/article/23,ThreatPost,23
news,Phishing campaign hits financial institutions in London,2025-03-13 22:14:47,https://news.cyberdaily.com/article/24,CyberWire,24
news,Phishing campaign hits healthcare providers in Dubai,2025-03-26 09:02:16,https://news.cyberdaily.com/article/25,SecurityWeek,25
news,Ransomware attack hits financial institutions in New York,2025-04-02 06:24:59,https://news.cyberdaily.com/article/26,ThreatPost,26
report,Ransomware attack hits cybersecurity firms in Tokyo,2025-04-06 12:33:37,https://news.cyberdaily.com/article/27,CyberWire,27
blog,Data breach hits energy companies in London,2025-03-15 05:39:20,https://news.cyberdaily.com/article/28,CyberWire,28
blog,Phishing campaign hits healthcare providers in Mumbai,2025-03-27 12:31:37,https://news.cyberdaily.com/article/29,DarkReading,29
news,DDoS attack hits financial institutions in Singapore,2025-03-31 10:10:37,https://news.cyberdaily.com/article/30,The Hacker News,30
blog,Ransomware attack hits energy companies in Tokyo,2025-03-25 16:43:34,https://news.cyberdaily.com/article/31,SecurityWeek,31
news,Credential stuffing hits telecom companies in Tokyo,2025-04-09 00:03:54,https://news.cyberdaily.com/article/32,SC Magazine,32
report,DDoS attack hits telecom companies in Toronto,2025-03-20 06:33:50,https://news.cyberdaily.com/article/33,SecurityWeek,33
news,Ransomware attack hits cybersecurity firms in Berlin,2025-04-06 04:04:01,https://news.cyberdaily.com/article/34,DarkReading,34
blog,Malware infection hits e-commerce platforms in Toronto,2025-04-02 12:05:13,https://news.cyberdaily.com/article/35,SC Magazine,35
blog,Insider threat hits telecom companies in New York,2025-03-31 20:06:19,https://news.cyberdaily.com/article/36,SC Magazine,36
report,Ransomware attack hits universities in New York,2025-04-04 15:45:04,https://news.cyberdaily.com/article/37,SecurityWeek,37
blog,DDoS attack hits government agencies in Singapore,2025-03-22 23:49:32,https://news.cyberdaily.com/article/38,The Hacker News,38
report,Insider threat hits universities in Berlin,2025-03-13 08:53:28,https://news.cyberdaily.com/article/39,SecurityWeek,39
news,Malware infection hits energy companies in London,2025-04-05 23:36:40,https://news.cyberdaily.com/article/40,The Hacker News,40
news,Phishing campaign hits universities in Berlin,2025-03-11 00:41:24,https://news.cyberdaily.com/article/41,ThreatPost,41
news,Credential stuffing hits energy companies in Dubai,2025-03-14 20:59:59,https://news.cyberdaily.com/article/42,DarkReading,42
blog,Malware infection hits financial institutions in Berlin,2025-03-29 16:59:36,https://news.cyberdaily.com/article/43,CyberWire,43
report,Insider threat hits telecom companies in Singapore,2025-03-10 09:39:42,https://news.cyberdaily.com/article/44,DarkReading,44
blog,Data breach hits financial institutions in Singapore,2025-04-09 01:14:31,https://news.cyberdaily.com/article/45,SecurityWeek,45
news,Credential stuffing hits financial institutions in Dubai,2025-04-03 07:23:24,https://news.cyberdaily.com/article/46,The Hacker News,46
blog,Ransomware attack hits telecom companies in New York,2025-03-26 12:27:39,https://news.cyberdaily.com/article/47,SC Magazine,47
news,Malware infection hits universities in New York,2025-03-22 04:30:25,https://news.cyberdaily.com/article/48,CyberWire,48
news,Data breach hits healthcare providers in Tokyo,2025-03-26 03:13:14,https://news.cyberdaily.com/article/49,The Hacker News,49
report,Phishing campaign hits e-commerce platforms in Mumbai,2025-03-13 09:42:44,https://news.cyberdaily.com/article/50,ThreatPost,50
report,Ransomware attack hits cybersecurity firms in Dubai,2025-03-19 14:56:22,https://news.cyberdaily.com/article/51,CyberWire,51
news,Data breach hits e-commerce platforms in Singapore,2025-04-06 21:31:41,https://news.cyberdaily.com/article/52,SecurityWeek,52
news,DDoS attack hits universities in London,2025-03-21 02:38:02,https://news.cyberdaily.com/article/53,SecurityWeek,53
news,Data breach hits financial institutions in New York,2025-03-21 22:20:16,https://news.cyberdaily.com/article/54,SC Magazine,54
report,Insider threat hits universities in Toronto,2025-03-17 06:20:53,https://news.cyberdaily.com/article/55,CyberWire,55
blog,Credential stuffing hits cybersecurity firms in Dubai,2025-04-05 16:57:33,https://news.cyberdaily.com/article/56,The Hacker News,56
report,DDoS attack hits government agencies in Dubai,2025-04-01 02:15:09,https://news.cyberdaily.com/article/57,SecurityWeek,57
blog,Data breach hits telecom companies in Berlin,2025-03-14 18:36:16,https://news.cyberdaily.com/article/58,SecurityWeek,58
blog,Zero-day exploit hits universities in London,2025-03-14 06:03:23,https://news.cyberdaily.com/article/59,The Hacker News,59
news,Data breach hits financial institutions in Mumbai,2025-03-25 21:13:15,https://news.cyberdaily.com/article/60,ThreatPost,60
report,Insider threat hits universities in Dubai,2025-04-04 00:07:26,https://news.cyberdaily.com/article/61,ThreatPost,61
report,Insider threat hits healthcare providers in Singapore,2025-04-03 02:23:26,https://news.cyberdaily.com/article/62,ThreatPost,62
report,Data breach hits e-commerce platforms in Berlin,2025-03-15 15:23:30,https://news.cyberdaily.com/article/63,SC Magazine,63
blog,Ransomware attack hits e-commerce platforms in Dubai,2025-03-24 23:32:28,https://news.cyberdaily.com/article/64,SecurityWeek,64
report,Malware infection hits healthcare providers in London,2025-04-06 02:36:11,https://news.cyberdaily.com/article/65,DarkReading,65
news,Credential stuffing hits universities in Toronto,2025-03-24 11:28:31,https://news.cyberdaily.com/article/66,DarkReading,66
news,Ransomware attack hits cybersecurity firms in Dubai,2025-03-16 09:44:43,https://news.cyberdaily.com/article/67,SecurityWeek,67
report,Zero-day exploit hits telecom companies in Berlin,2025-04-05 22:08:42,https://news.cyberdaily.com/article/68,The Hacker News,68
news,Malware infection hits healthcare providers in London,2025-03-26 12:00:45,https://news.cyberdaily.com/article/69,ThreatPost,69
news,Phishing campaign hits financial institutions in Dubai,2025-04-05 13:48:22,https://news.cyberdaily.com/article/70,CyberWire,70
blog,Malware infection hits e-commerce platforms in Singapore,2025-03-20 05:04:39,https://news.cyberdaily.com/article/71,The Hacker News,71
blog,Phishing campaign hits energy companies in London,2025-04-08 15:05:32,https://news.cyberdaily.com/article/72,ThreatPost,72
news,Insider threat hits telecom companies in Dubai,2025-04-05 21:53:58,https://news.cyberdaily.com/article/73,SecurityWeek,73
report,Ransomware attack hits healthcare providers in New York,2025-04-07 20:57:13,https://news.cyberdaily.com/article/74,DarkReading,74
blog,Phishing campaign hits healthcare providers in Singapore,2025-03-24 07:28:31,https://news.cyberdaily.com/article/75,SecurityWeek,75
report,Phishing campaign hits financial institutions in Tokyo,2025-03-31 22:46:48,https://news.cyberdaily.com/article/76,ThreatPost,76
blog,Ransomware attack hits government agencies in Singapore,2025-03-14 19:05:21,https://news.cyberdaily.com/article/77,SecurityWeek,77
news,DDoS attack hits healthcare providers in Singapore,2025-04-08 07:03:17,https://news.cyberdaily.com/article/78,The Hacker News,78
report,Malware infection hits energy companies in Singapore,2025-03-29 00:46:21,https://news.cyberdaily.com/article/79,SecurityWeek,79
report,Credential stuffing hits cybersecurity firms in Tokyo,2025-03-25 17:42:59,https://news.cyberdaily.com/article/80,The Hacker News,80
report,Phishing campaign hits financial institutions in Toronto,2025-04-07 07:00:44,https://news.cyberdaily.com/article/81,SC Magazine,81
report,Zero-day exploit hits universities in New York,2025-03-22 02:24:20,https://news.cyberdaily.com/article/82,ThreatPost,82
report,Insider threat hits telecom companies in Dubai,2025-03-24 10:35:19,https://news.cyberdaily.com/article/83,SecurityWeek,83
report,Credential stuffing hits healthcare providers in London,2025-03-19 06:33:10,https://news.cyberdaily.com/article/84,CyberWire,84
news,Ransomware attack hits government agencies in Berlin,2025-03-19 12:59:13,https://news.cyberdaily.com/article/85,SecurityWeek,85
news,Data breach hits cybersecurity firms in Toronto,2025-03-19 09:53:09,https://news.cyberdaily.com/article/86,ThreatPost,86
report,Credential stuffing hits universities in Dubai,2025-03-11 22:44:45,https://news.cyberdaily.com/article/87,The Hacker News,87
report,Data breach hits healthcare providers in London,2025-04-09 02:15:45,https://news.cyberdaily.com/article/88,DarkReading,88
blog,Phishing campaign hits e-commerce platforms in Dubai,2025-03-22 23:19:03,https://news.cyberdaily.com/article/89,DarkReading,89
report,Phishing campaign hits financial institutions in New York,2025-04-02 11:31:44,https://news.cyberdaily.com/article/90,ThreatPost,90
news,Insider threat hits e-commerce platforms in Toronto,2025-03-13 16:49:13,https://news.cyberdaily.com/article/91,DarkReading,91
blog,Insider threat hits e-commerce platforms in Dubai,2025-03-14 16:58:59,https://news.cyberdaily.com/article/92,DarkReading,92
news,Data breach hits telecom companies in Berlin,2025-03-16 16:03:09,https://news.cyberdaily.com/article/93,SecurityWeek,93
blog,Zero-day exploit hits financial institutions in New York,2025-03-17 14:34:08,https://news.cyberdaily.com/article/94,DarkReading,94
report,DDoS attack hits cybersecurity firms in London,2025-03-12 05:21:03,https://news.cyberdaily.com/article/95,SC Magazine,95
news,DDoS attack hits universities in Dubai,2025-03-14 05:49:34,https://news.cyberdaily.com/article/96,The Hacker News,96
news,Credential stuffing hits energy companies in Singapore,2025-04-05 14:10:29,https://news.cyberdaily.com/article/97,CyberWire,97
news,Credential stuffing hits telecom companies in New York,2025-03-29 08:13:23,https://news.cyberdaily.com/article/98,The Hacker News,98
report,DDoS attack hits universities in London,2025-04-04 19:30:11,https://news.cyberdaily.com/article/99,The Hacker News,99
blog,Zero-day exploit hits government agencies in Dubai,2025-03-23 17:28:02,https://news.cyberdaily.com/article/100,CyberWire,100
report,Data breach hits cybersecurity firms in Toronto,2025-04-04 16:15:35,https://news.cyberdaily.com/article/101,CyberWire,101
blog,Insider threat hits telecom companies in Dubai,2025-03-21 18:42:34,https://news.cyberdaily.com/article/102,SC Magazine,102
blog,Ransomware attack hits government agencies in New York,2025-03-20 19:03:28,https://news.cyberdaily.com/article/103,DarkReading,103
blog,Zero-day exploit hits government agencies in Singapore,2025-04-07 23:29:54,https://news.cyberdaily.com/article/104,SC Magazine,104
blog,Ransomware attack hits financial institutions in New York,2025-03-30 16:59:37,https://news.cyberdaily.com/article/105,SecurityWeek,105
news,Data breach hits government agencies in Tokyo,2025-04-07 11:43:26,https://news.cyberdaily.com/article/106,SC Magazine,106
news,Malware infection hits e-commerce platforms in London,2025-03-23 16:58:26,https://news.cyberdaily.com/article/107,DarkReading,107
blog,Malware infection hits healthcare providers in London,2025-04-01 05:16:27,https://news.cyberdaily.com/article/108,CyberWire,108
report,Ransomware attack hits energy companies in Berlin,2025-04-03 06:18:55,https://news.cyberdaily.com/article/109,CyberWire,109
news,Credential stuffing hits energy companies in Dubai,2025-03-27 16:41:37,https://news.cyberdaily.com/article/110,DarkReading,110
blog,Zero-day exploit hits e-commerce platforms in London,2025-03-14 08:18:06,https://news.cyberdaily.com/article/111,CyberWire,111
blog,Ransomware attack hits universities in New York,2025-03-26 02:11:45,https://news.cyberdaily.com/article/112,SecurityWeek,112
blog,DDoS attack hits financial institutions in Tokyo,2025-04-09 02:16:27,https://news.cyberdaily.com/article/113,CyberWire,113
news,DDoS attack hits government agencies in New York,2025-03-15 22:43:20,https://news.cyberdaily.com/article/114,SC Magazine,114
blog,Ransomware attack hits financial institutions in Mumbai,2025-04-02 23:04:43,https://news.cyberdaily.com/article/115,SC Magazine,115
news,Data breach hits government agencies in Berlin,2025-04-07 20:19:18,https://news.cyberdaily.com/article/116,DarkReading,116
report,Ransomware attack hits cybersecurity firms in Toronto,2025-03-26 14:56:55,https://news.cyberdaily.com/article/117,SecurityWeek,117
blog,DDoS attack hits financial institutions in Tokyo,2025-03-19 14:08:15,https://news.cyberdaily.com/article/118,SecurityWeek,118
report,Credential stuffing hits e-commerce platforms in Mumbai,2025-03-22 03:29:14,https://news.cyberdaily.com/article/119,SC Magazine,119
news,Zero-day exploit hits telecom companies in London,2025-03-11 03:12:54,https://news.cyberdaily.com/article/120,The Hacker News,120
news,Insider threat hits telecom companies in Dubai,2025-03-23 12:06:44,https://news.cyberdaily.com/article/121,ThreatPost,121
news,Phishing campaign hits universities in Tokyo,2025-03-16 00:48:05,https://news.cyberdaily.com/article/122,ThreatPost,122
report,Insider threat hits universities in Dubai,2025-03-21 01:11:07,https://news.cyberdaily.com/article/123,CyberWire,123
news,DDoS attack hits financial institutions in Dubai,2025-03-28 09:48:42,https://news.cyberdaily.com/article/124,SC Magazine,124
blog,Ransomware attack hits telecom companies in Dubai,2025-03-18 14:57:21,https://news.cyberdaily.com/article/125,The Hacker News,125
blog,Malware infection hits telecom companies in Dubai,2025-03-26 11:45:46,https://news.cyberdaily.com/article/126,SC Magazine,126
blog,Zero-day exploit hits healthcare providers in Tokyo,2025-03-31 00:48:32,https://news.cyberdaily.com/article/127,SC Magazine,127
blog,Zero-day exploit hits financial institutions in Dubai,2025-03-13 08:47:23,https://news.cyberdaily.com/article/128,CyberWire,128
news,Malware infection hits universities in Singapore,2025-03-15 05:32:47,https://news.cyberdaily.com/article/129,SecurityWeek,129
news,Insider threat hits cybersecurity firms in London,2025-03-17 10:51:00,https://news.cyberdaily.com/article/130,CyberWire,130
report,Insider threat hits healthcare providers in Berlin,2025-03-20 23:13:11,https://news.cyberdaily.com/article/131,DarkReading,131
blog,Malware infection hits telecom companies in Dubai,2025-03-12 13:01:54,https://news.cyberdaily.com/article/132,ThreatPost,132
report,Phishing campaign hits cybersecurity firms in Toronto,2025-04-07 04:55:57,https://news.cyberdaily.com/article/133,ThreatPost,133
blog,Zero-day exploit hits cybersecurity firms in London,2025-04-05 06:42:57,https://news.cyberdaily.com/article/134,ThreatPost,134
report,Insider threat hits financial institutions in Singapore,2025-04-08 13:54:35,https://news.cyberdaily.com/article/135,DarkReading,135
news,Data breach hits government agencies in Mumbai,2025-03-13 22:32:34,https://news.cyberdaily.com/article/136,SC Magazine,136
report,Insider threat hits telecom companies in Dubai,2025-03-11 15:26:03,https://news.cyberdaily.com/article/137,DarkReading,137
report,Ransomware attack hits cybersecurity firms in Tokyo,2025-03-16 09:19:03,https://news.cyberdaily.com/article/138,DarkReading,138
blog,Insider threat hits financial institutions in London,2025-03-19 11:58:21,https://news.cyberdaily.com/article/139,SC Magazine,139
blog,Data breach hits financial institutions in Mumbai,2025-04-08 18:45:56,https://news.cyberdaily.com/article/140,The Hacker News,140
report,Malware infection hits cybersecurity firms in London,2025-04-07 07:21:50,https://news.cyberdaily.com/article/141,SecurityWeek,141
report,Zero-day exploit hits e-commerce platforms in Tokyo,2025-03-16 03:47:08,https://news.cyberdaily.com/article/142,CyberWire,142
blog,Data breach hits healthcare providers in Mumbai,2025-03-29 08:07:20,https://news.cyberdaily.com/article/143,The Hacker News,143
news,Zero-day exploit hits healthcare providers in Tokyo,2025-03-14 18:58:21,https://news.cyberdaily.com/article/144,CyberWire,144
report,Malware infection hits e-commerce platforms in Mumbai,2025-03-28 07:34:28,https://news.cyberdaily.com/article/145,ThreatPost,145
report,Phishing campaign hits healthcare providers in Dubai,2025-03-15 23:32:01,https://news.cyberdaily.com/article/146,The Hacker News,146
blog,Malware infection hits e-commerce platforms in Mumbai,2025-03-12 02:43:48,https://news.cyberdaily.com/article/147,SecurityWeek,147
report,DDoS attack hits telecom companies in London,2025-04-08 17:47:37,https://news.cyberdaily.com/article/148,CyberWire,148
news,Malware infection hits energy companies in Singapore,2025-03-11 09:32:19,https://news.cyberdaily.com/article/149,The Hacker News,149
report,Insider threat hits universities in Singapore,2025-03-19 19:02:42,https://news.cyberdaily.com/article/150,DarkReading,150
report,Phishing campaign hits cybersecurity firms in Singapore,2025-03-19 07:50:17,https://news.cyberdaily.com/article/151,The Hacker News,151
blog,Zero-day exploit hits cybersecurity firms in New York,2025-03-16 08:40:42,https://news.cyberdaily.com/article/152,SecurityWeek,152
report,DDoS attack hits cybersecurity firms in New York,2025-04-02 14:40:40,https://news.cyberdaily.com/article/153,ThreatPost,153
blog,Data breach hits universities in Singapore,2025-03-20 13:40:10,https://news.cyberdaily.com/article/154,CyberWire,154
news,Ransomware attack hits healthcare providers in Dubai,2025-03-13 07:29:57,https://news.cyberdaily.com/article/155,SecurityWeek,155
blog,Data breach hits healthcare providers in New York,2025-03-11 10:52:26,https://news.cyberdaily.com/article/156,SC Magazine,156
report,Insider threat hits government agencies in Berlin,2025-04-05 18:24:37,https://news.cyberdaily.com/article/157,SecurityWeek,157
blog,Phishing campaign hits healthcare providers in Dubai,2025-03-31 00:12:43,https://news.cyberdaily.com/article/158,SC Magazine,158
blog,Zero-day exploit hits energy companies in Berlin,2025-03-15 06:35:11,https://news.cyberdaily.com/article/159,DarkReading,159
report,Malware infection hits telecom companies in Singapore,2025-03-22 23:09:32,https://news.cyberdaily.com/article/160,ThreatPost,160
news,Zero-day exploit hits telecom companies in Tokyo,2025-03-13 17:53:28,https://news.cyberdaily.com/article/161,DarkReading,161
blog,Zero-day exploit hits energy companies in Dubai,2025-03-21 01:36:54,https://news.cyberdaily.com/article/162,DarkReading,162
news,Phishing campaign hits government agencies in Singapore,2025-03-13 20:11:00,https://news.cyberdaily.com/article/163,The Hacker News,163
news,Data breach hits energy companies in New York,2025-03-24 23:05:32,https://news.cyberdaily.com/article/164,SC Magazine,164
news,Ransomware attack hits telecom companies in Toronto,2025-03-27 08:27:08,https://news.cyberdaily.com/article/165,SC Magazine,165
report,DDoS attack hits government agencies in Mumbai,2025-03-31 12:23:13,https://news.cyberdaily.com/article/166,CyberWire,166
blog,Insider threat hits universities in Dubai,2025-03-19 02:24:57,https://news.cyberdaily.com/article/167,CyberWire,167
blog,Malware infection hits cybersecurity firms in Singapore,2025-03-13 07:26:59,https://news.cyberdaily.com/article/168,SC Magazine,168
blog,Credential stuffing hits government agencies in Toronto,2025-04-03 19:06:33,https://news.cyberdaily.com/article/169,CyberWire,169
blog,Data breach hits financial institutions in Berlin,2025-04-02 00:34:39,https://news.cyberdaily.com/article/170,CyberWire,170
news,Insider threat hits financial institutions in Berlin,2025-03-12 06:12:35,https://news.cyberdaily.com/article/171,DarkReading,171
blog,Phishing campaign hits energy companies in Tokyo,2025-04-08 07:17:08,https://news.cyberdaily.com/article/172,ThreatPost,172
blog,Zero-day exploit hits healthcare providers in London,2025-03-15 05:54:43,https://news.cyberdaily.com/article/173,SecurityWeek,173
news,Credential stuffing hits universities in Mumbai,2025-03-29 08:12:00,https://news.cyberdaily.com/article/174,The Hacker News,174
news,Data breach hits government agencies in Toronto,2025-03-20 00:35:47,https://news.cyberdaily.com/article/175,ThreatPost,175
blog,Zero-day exploit hits government agencies in Tokyo,2025-03-22 23:24:26,https://news.cyberdaily.com/article/176,SC Magazine,176
blog,Insider threat hits e-commerce platforms in Dubai,2025-03-27 18:04:38,https://news.cyberdaily.com/article/177,DarkReading,177
blog,Zero-day exploit hits government agencies in New York,2025-04-02 04:10:18,https://news.cyberdaily.com/article/178,The Hacker News,178
blog,Ransomware attack hits financial institutions in Singapore,2025-04-07 00:09:31,https://news.cyberdaily.com/article/179,SC Magazine,179
blog,Credential stuffing hits financial institutions in Dubai,2025-03-18 13:43:27,https://news.cyberdaily.com/article/180,DarkReading,180
news,Credential stuffing hits healthcare providers in London,2025-03-20 05:19:32,https://news.cyberdaily.com/article/181,ThreatPost,181
news,Ransomware attack hits telecom companies in Dubai,2025-03-13 03:57:52,https://news.cyberdaily.com/article/182,DarkReading,182
news,Ransomware attack hits energy companies in Dubai,2025-03-18 00:39:24,https://news.cyberdaily.com/article/183,ThreatPost,183
news,Phishing campaign hits cybersecurity firms in Tokyo,2025-03-18 05:01:13,https://news.cyberdaily.com/article/184,SecurityWeek,184
news,Zero-day exploit hits universities in Dubai,2025-03-26 23:09:11,https://news.cyberdaily.com/article/185,The Hacker News,185
blog,Insider threat hits government agencies in Mumbai,2025-04-05 01:12:44,https://news.cyberdaily.com/article/186,The Hacker News,186
news,Credential stuffing hits e-commerce platforms in Mumbai,2025-03-22 12:24:07,https://news.cyberdaily.com/article/187,CyberWire,187
report,Ransomware attack hits healthcare providers in Berlin,2025-03-16 00:53:35,https://news.cyberdaily.com/article/188,DarkReading,188
report,Phishing campaign hits government agencies in Mumbai,2025-04-08 07:38:33,https://news.cyberdaily.com/article/189,SC Magazine,189
news,Data breach hits energy companies in New York,2025-03-31 19:39:48,https://news.cyberdaily.com/article/190,DarkReading,190
news,Insider threat hits healthcare providers in Toronto,2025-03-18 20:00:35,https://news.cyberdaily.com/article/191,SC Magazine,191
news,Insider threat hits government agencies in Tokyo,2025-03-10 23:42:49,https://news.cyberdaily.com/article/192,The Hacker News,192
blog,Insider threat hits universities in Tokyo,2025-04-02 05:48:49,https://news.cyberdaily.com/article/193,SC Magazine,193
news,Credential stuffing hits e-commerce platforms in Berlin,2025-03-30 05:54:16,https://news.cyberdaily.com/article/194,CyberWire,194
news,Zero-day exploit hits universities in New York,2025-04-06 23:23:40,https://news.cyberdaily.com/article/195,DarkReading,195
news,DDoS attack hits telecom companies in London,2025-04-04 00:53:32,https://news.cyberdaily.com/article/196,ThreatPost,196
report,Credential stuffing hits government agencies in Tokyo,2025-03-25 11:11:28,https://news.cyberdaily.com/article/197,ThreatPost,197
report,Phishing campaign hits energy companies in Toronto,2025-03-27 16:26:31,https://news.cyberdaily.com/article/198,The Hacker News,198
report,DDoS attack hits cybersecurity firms in London,2025-03-29 05:07:52,https://news.cyberdaily.com/article/199,CyberWire,199
blog,Zero-day exploit hits cybersecurity firms in Singapore,2025-03-22 12:41:16,https://news.cyberdaily.com/article/200,CyberWire,200
report,Phishing campaign hits telecom companies in Singapore,2025-03-17 19:04:08,https://news.cyberdaily.com/article/201,DarkReading,201
news,Zero-day exploit hits healthcare providers in Mumbai,2025-04-06 13:28:36,https://news.cyberdaily.com/article/202,The Hacker News,202
blog,Malware infection hits government agencies in Toronto,2025-03-10 22:49:10,https://news.cyberdaily.com/article/203,DarkReading,203
blog,Data breach hits government agencies in New York,2025-04-01 13:53:08,https://news.cyberdaily.com/article/204,SC Magazine,204
report,Phishing campaign hits universities in Singapore,2025-03-14 04:27:28,https://news.cyberdaily.com/article/205,SC Magazine,205
report,Phishing campaign hits e-commerce platforms in Toronto,2025-03-26 15:42:05,https://news.cyberdaily.com/article/206,ThreatPost,206
report,Insider threat hits financial institutions in Toronto,2025-03-12 13:34:13,https://news.cyberdaily.com/article/207,The Hacker News,207
news,Data breach hits telecom companies in Toronto,2025-04-05 18:30:30,https://news.cyberdaily.com/article/208,DarkReading,208
news,Data breach hits financial institutions in Tokyo,2025-03-23 23:34:58,https://news.cyberdaily.com/article/209,CyberWire,209
news,Phishing campaign hits universities in London,2025-03-16 21:25:38,https://news.cyberdaily.com/article/210,SecurityWeek,210
blog,Malware infection hits telecom companies in Tokyo,2025-03-22 00:06:08,https://news.cyberdaily.com/article/211,DarkReading,211
news,DDoS attack hits universities in Mumbai,2025-04-02 17:41:58,https://news.cyberdaily.com/article/212,SC Magazine,212
news,Zero-day exploit hits energy companies in Dubai,2025-03-27 10:42:10,https://news.cyberdaily.com/article/213,DarkReading,213
report,Insider threat hits cybersecurity firms in New York,2025-04-08 23:11:23,https://news.cyberdaily.com/article/214,CyberWire,214
news,Malware infection hits energy companies in Berlin,2025-03-24 07:43:56,https://news.cyberdaily.com/article/215,The Hacker News,215
blog,DDoS attack hits telecom companies in London,2025-03-27 18:49:48,https://news.cyberdaily.com/article/216,ThreatPost,216
news,DDoS attack hits government agencies in New York,2025-04-08 00:03:13,https://news.cyberdaily.com/article/217,SC Magazine,217
report,DDoS attack hits healthcare providers in Dubai,2025-03-16 18:31:21,https://news.cyberdaily.com/article/218,CyberWire,218
blog,Credential stuffing hits telecom companies in New York,2025-03-25 09:51:11,https://news.cyberdaily.com/article/219,SecurityWeek,219
blog,Malware infection hits financial institutions in New York,2025-03-29 04:24:11,https://news.cyberdaily.com/article/220,CyberWire,220
blog,Zero-day exploit hits e-commerce platforms in Berlin,2025-03-30 11:09:44,https://news.cyberdaily.com/article/221,ThreatPost,221
blog,Zero-day exploit hits telecom companies in Dubai,2025-03-14 06:22:46,https://news.cyberdaily.com/article/222,SecurityWeek,222
blog,Credential stuffing hits energy companies in New York,2025-03-10 10:06:22,https://news.cyberdaily.com/article/223,The Hacker News,223
report,Insider threat hits cybersecurity firms in New York,2025-04-08 05:03:45,https://news.cyberdaily.com/article/224,The Hacker News,224
blog,Insider threat hits financial institutions in Singapore,2025-03-19 16:23:13,https://news.cyberdaily.com/article/225,SC Magazine,225
blog,Ransomware attack hits energy companies in Toronto,2025-03-26 13:56:11,https://news.cyberdaily.com/article/226,CyberWire,226
blog,Data breach hits e-commerce platforms in New York,2025-03-18 02:50:12,https://news.cyberdaily.com/article/227,SC Magazine,227
blog,Insider threat hits government agencies in Toronto,2025-03-21 23:16:12,https://news.cyberdaily.com/article/228,SecurityWeek,228
news,Phishing campaign hits healthcare providers in Toronto,2025-03-21 04:15:29,https://news.cyberdaily.com/article/229,The Hacker News,229
blog,Zero-day exploit hits telecom companies in Berlin,2025-04-01 02:26:44,https://news.cyberdaily.com/article/230,SC Magazine,230
blog,Data breach hits financial institutions in Berlin,2025-03-28 17:29:14,https://news.cyberdaily.com/article/231,SecurityWeek,231
blog,Insider threat hits e-commerce platforms in Toronto,2025-04-06 22:16:28,https://news.cyberdaily.com/article/232,DarkReading,232
news,Malware infection hits telecom companies in New York,2025-03-30 11:08:55,https://news.cyberdaily.com/article/233,The Hacker News,233
blog,Data breach hits cybersecurity firms in Berlin,2025-03-11 21:05:00,https://news.cyberdaily.com/article/234,CyberWire,234
news,Credential stuffing hits e-commerce platforms in Tokyo,2025-03-29 21:00:19,https://news.cyberdaily.com/article/235,The Hacker News,235
report,Malware infection hits e-commerce platforms in Berlin,2025-04-06 21:29:00,https://news.cyberdaily.com/article/236,ThreatPost,236
report,Ransomware attack hits telecom companies in London,2025-03-30 15:35:58,https://news.cyberdaily.com/article/237,SC Magazine,237
blog,Malware infection hits energy companies in Mumbai,2025-03-12 14:49:57,https://news.cyberdaily.com/article/238,SecurityWeek,238
blog,Data breach hits energy companies in Mumbai,2025-03-18 09:21:20,https://news.cyberdaily.com/article/239,The Hacker News,239
report,Zero-day exploit hits universities in Tokyo,2025-03-31 23:12:11,https://news.cyberdaily.com/article/240,DarkReading,240
report,DDoS attack hits financial institutions in Berlin,2025-03-13 10:45:47,https://news.cyberdaily.com/article/241,SC Magazine,241
news,Malware infection hits universities in Singapore,2025-03-22 22:21:05,https://news.cyberdaily.com/article/242,The Hacker News,242
blog,Malware infection hits government agencies in New York,2025-03-18 00:02:54,https://news.cyberdaily.com/article/243,The Hacker News,243
report,DDoS attack hits government agencies in Toronto,2025-04-01 00:22:58,https://news.cyberdaily.com/article/244,SC Magazine,244
report,Credential stuffing hits financial institutions in Tokyo,2025-04-04 22:59:51,https://news.cyberdaily.com/article/245,ThreatPost,245
news,Insider threat hits telecom companies in Dubai,2025-04-03 00:02:09,https://news.cyberdaily.com/article/246,The Hacker News,246
report,Credential stuffing hits government agencies in Singapore,2025-04-06 14:24:51,https://news.cyberdaily.com/article/247,SC Magazine,247
blog,Ransomware attack hits government agencies in Berlin,2025-04-08 16:00:53,https://news.cyberdaily.com/article/248,CyberWire,248
blog,Malware infection hits energy companies in Mumbai,2025-03-10 08:24:39,https://news.cyberdaily.com/article/249,DarkReading,249
blog,Zero-day exploit hits universities in London,2025-03-12 05:39:50,https://news.cyberdaily.com/article/250,CyberWire,250
news,Credential stuffing hits financial institutions in Mumbai,2025-04-03 08:33:39,https://news.cyberdaily.com/article/251,DarkReading,251
report,Malware infection hits energy companies in Dubai,2025-03-26 04:04:56,https://news.cyberdaily.com/article/252,CyberWire,252
report,Credential stuffing hits universities in Berlin,2025-03-25 11:54:16,https://news.cyberdaily.com/article/253,SC Magazine,253
blog,Insider threat hits universities in New York,2025-04-02 00:17:56,https://news.cyberdaily.com/article/254,DarkReading,254
report,DDoS attack hits financial institutions in London,2025-03-12 18:25:04,https://news.cyberdaily.com/article/255,SecurityWeek,255
news,Zero-day exploit hits financial institutions in London,2025-03-30 12:00:01,https://news.cyberdaily.com/article/256,SC Magazine,256
blog,Ransomware attack hits cybersecurity firms in New York,2025-03-19 11:22:03,https://news.cyberdaily.com/article/257,CyberWire,257
report,Zero-day exploit hits energy companies in Berlin,2025-04-05 23:27:05,https://news.cyberdaily.com/article/258,SecurityWeek,258
blog,Malware infection hits telecom companies in Berlin,2025-03-14 09:34:35,https://news.cyberdaily.com/article/259,SecurityWeek,259
news,Data breach hits telecom companies in Berlin,2025-03-16 16:23:56,https://news.cyberdaily.com/article/260,DarkReading,260
news,Data breach hits financial institutions in Dubai,2025-03-11 01:29:28,https://news.cyberdaily.com/article/261,SecurityWeek,261
blog,Ransomware attack hits healthcare providers in Berlin,2025-03-29 20:28:50,https://news.cyberdaily.com/article/262,ThreatPost,262
blog,Insider threat hits universities in Mumbai,2025-03-30 14:44:08,https://news.cyberdaily.com/article/263,The Hacker News,263
report,Credential stuffing hits telecom companies in Singapore,2025-03-25 16:42:12,https://news.cyberdaily.com/article/264,ThreatPost,264
blog,Data breach hits telecom companies in New York,2025-03-10 12:16:59,https://news.cyberdaily.com/article/265,CyberWire,265
blog,Phishing campaign hits cybersecurity firms in Tokyo,2025-03-20 17:06:16,https://news.cyberdaily.com/article/266,The Hacker News,266
blog,DDoS attack hits universities in Berlin,2025-03-11 00:58:51,https://news.cyberdaily.com/article/267,The Hacker News,267
news,Data breach hits healthcare providers in Toronto,2025-03-10 11:04:37,https://news.cyberdaily.com/article/268,CyberWire,268
report,Ransomware attack hits energy companies in Toronto,2025-04-04 23:53:52,https://news.cyberdaily.com/article/269,DarkReading,269
report,Zero-day exploit hits energy companies in Toronto,2025-04-09 01:26:02,https://news.cyberdaily.com/article/270,CyberWire,270
news,DDoS attack hits universities in New York,2025-03-15 02:15:26,https://news.cyberdaily.com/article/271,SC Magazine,271
report,DDoS attack hits financial institutions in Toronto,2025-03-19 14:13:55,https://news.cyberdaily.com/article/272,ThreatPost,272
report,Data breach hits energy companies in New York,2025-03-16 02:51:48,https://news.cyberdaily.com/article/273,SecurityWeek,273
blog,Malware infection hits financial institutions in Berlin,2025-04-08 21:07:14,https://news.cyberdaily.com/article/274,CyberWire,274
blog,Malware infection hits financial institutions in Singapore,2025-03-19 23:37:07,https://news.cyberdaily.com/article/275,The Hacker News,275
blog,Insider threat hits e-commerce platforms in Singapore,2025-03-25 00:40:13,https://news.cyberdaily.com/article/276,ThreatPost,276
news,Data breach hits cybersecurity firms in Mumbai,2025-03-23 22:32:01,https://news.cyberdaily.com/article/277,DarkReading,277
news,Ransomware attack hits universities in London,2025-03-19 04:37:59,https://news.cyberdaily.com/article/278,CyberWire,278
blog,Zero-day exploit hits financial institutions in Berlin,2025-03-15 05:02:57,https://news.cyberdaily.com/article/279,The Hacker News,279
report,Data breach hits universities in Singapore,2025-04-02 10:27:02,https://news.cyberdaily.com/article/280,SC Magazine,280
news,Credential stuffing hits cybersecurity firms in London,2025-03-29 14:30:53,https://news.cyberdaily.com/article/281,The Hacker News,281
report,Malware infection hits e-commerce platforms in New York,2025-03-14 07:06:16,https://news.cyberdaily.com/article/282,The Hacker News,282
blog,Ransomware attack hits healthcare providers in Toronto,2025-03-11 09:46:55,https://news.cyberdaily.com/article/283,CyberWire,283
report,Credential stuffing hits financial institutions in Berlin,2025-03-23 16:23:42,https://news.cyberdaily.com/article/284,SC Magazine,284
blog,Insider threat hits financial institutions in New York,2025-04-01 08:05:17,https://news.cyberdaily.com/article/285,SecurityWeek,285
news,DDoS attack hits telecom companies in Berlin,2025-03-15 23:13:22,https://news.cyberdaily.com/article/286,ThreatPost,286
blog,Phishing campaign hits universities in New York,2025-03-22 19:09:40,https://news.cyberdaily.com/article/287,SC Magazine,287
news,Malware infection hits financial institutions in Tokyo,2025-03-16 19:46:35,https://news.cyberdaily.com/article/288,SC Magazine,288
news,Insider threat hits universities in Berlin,2025-04-04 15:10:57,https://news.cyberdaily.com/article/289,SecurityWeek,289
blog,Phishing campaign hits telecom companies in Dubai,2025-03-27 04:40:34,https://news.cyberdaily.com/article/290,SecurityWeek,290
news,DDoS attack hits energy companies in New York,2025-03-15 22:26:32,https://news.cyberdaily.com/article/291,The Hacker News,291
news,Data breach hits energy companies in Berlin,2025-03-17 20:15:57,https://news.cyberdaily.com/article/292,CyberWire,292
news,Data breach hits universities in New York,2025-03-23 20:42:04,https://news.cyberdaily.com/article/293,CyberWire,293
report,Ransomware attack hits telecom companies in Berlin,2025-03-11 05:58:15,https://news.cyberdaily.com/article/294,DarkReading,294
report,Data breach hits energy companies in Dubai,2025-03-12 09:36:38,https://news.cyberdaily.com/article/295,SC Magazine,295
blog,Zero-day exploit hits government agencies in Berlin,2025-03-12 07:42:23,https://news.cyberdaily.com/article/296,The Hacker News,296
news,Phishing campaign hits energy companies in London,2025-03-20 08:01:47,https://news.cyberdaily.com/article/297,DarkReading,297
blog,Zero-day exploit hits healthcare providers in Dubai,2025-03-22 22:52:01,https://news.cyberdaily.com/article/298,ThreatPost,298
blog,Credential stuffing hits energy companies in Tokyo,2025-04-06 10:51:42,https://news.cyberdaily.com/article/299,ThreatPost,299
blog,Credential stuffing hits energy companies in London,2025-03-25 14:59:51,https://news.cyberdaily.com/article/300,SecurityWeek,300
